OrderID,OrderDate,CustomerID,Region,ProductID,Sales,Profit,Discount,Quantity,Category
ORD001,2024-01-15,CUST001,East,PROD001,250,50,0.1,2,Technology
ORD002,2024-01-16,CUST002,West,PROD002,300,70,0.15,1,Furniture
ORD003,2024-01-17,CUST003,South,PROD003,150,30,0.05,3,Furniture
ORD004,2024-01-18,CUST001,East,PROD004,200,40,0.1,4,Technology
ORD005,2024-01-19,CUST004,North,PROD005,400,100,0.2,2,Technology
ORD006,2024-01-20,CUST005,West,PROD006,500,120,0.25,1,Office Supplies
ORD007,2024-01-21,CUST003,South,PROD007,120,20,0.1,3,Technology
ORD008,2024-01-22,CUST002,West,PROD008,700,150,0.15,2,Technology
ORD009,2024-01-23,CUST001,East,PROD009,250,60,0.05,4,Furniture
ORD010,2024-01-24,CUST006,North,PROD010,20,5,0.1,10,Office Supplies
ORD011,2024-01-25,CUST007,East,PROD001,500,100,0.1,2,Technology
ORD012,2024-01-26,CUST008,South,PROD003,150,30,0.05,5,Furniture
ORD013,2024-01-27,CUST009,North,PROD005,600,150,0.2,2,Technology
ORD014,2024-01-28,CUST010,West,PROD006,450,110,0.15,3,Office Supplies
ORD015,2024-01-29,CUST007,East,PROD007,150,30,0.1,2,Technology
ORD016,2024-01-30,CUST003,South,PROD008,550,120,0.2,1,Technology
ORD017,2024-02-01,CUST004,North,PROD002,300,70,0.15,3,Furniture
ORD018,2024-02-02,CUST005,West,PROD009,200,40,0.05,4,Furniture
ORD019,2024-02-03,CUST001,East,PROD010,25,5,0.1,10,Office Supplies
ORD020,2024-02-04,CUST002,West,PROD004,150,30,0.15,1,Technology
ORD021,2024-02-05,CUST006,North,PROD005,450,110,0.2,2,Technology
ORD022,2024-02-06,CUST003,South,PROD003,150,30,0.05,2,Furniture
ORD023,2024-02-07,CUST010,West,PROD008,600,140,0.2,1,Technology
ORD024,2024-02-08,CUST007,East,PROD002,300,70,0.15,2,Furniture
ORD025,2024-02-09,CUST008,South,PROD010,50,10,0.1,5,Office Supplies
ORD026,2024-02-10,CUST007,East,PROD010,355.35,114.82,0.1,2,Office Supplies
ORD027,2024-02-11,CUST008,South,PROD003,208.49,92.95,0.15,1,Furniture
ORD028,2024-02-12,CUST007,East,PROD004,74.77,85.16,0.2,3,Technology
ORD029,2024-02-13,CUST005,West,PROD002,195.9,67.34,0.05,3,Furniture
ORD030,2024-02-14,CUST001,East,PROD004,40,76.8,0.05,1,Technology
ORD031,2024-02-15,CUST002,West,PROD010,445.49,75.61,0.1,10,Office Supplies
ORD032,2024-02-16,CUST009,North,PROD001,10,30.42,0.15,4,Technology
ORD033,2024-02-17,CUST005,West,PROD010,267.6,122.03,0.1,4,Office Supplies
ORD034,2024-02-18,CUST007,East,PROD007,271.06,22.48,0.1,2,Technology
ORD035,2024-02-19,CUST003,South,PROD007,195.74,-2.26,0.2,4,Technology
ORD036,2024-02-20,CUST007,East,PROD003,180.85,52.83,0.2,10,Furniture
ORD037,2024-02-21,CUST007,East,PROD009,223.67,-0.79,0.1,2,Furniture
ORD038,2024-02-22,CUST008,South,PROD009,122.64,29.41,0.1,2,Furniture
ORD039,2024-02-23,CUST006,North,PROD008,461.07,18.32,0.15,3,Technology
ORD040,2024-02-24,CUST008,South,PROD001,213.92,63.67,0.15,1,Technology
ORD041,2024-02-25,CUST010,West,PROD006,148.47,103.73,0.2,4,Office Supplies
ORD042,2024-02-26,CUST004,North,PROD002,213.72,85.27,0.2,2,Furniture
ORD043,2024-02-27,CUST004,North,PROD003,92.17,89.73,0.15,10,Furniture
ORD044,2024-02-28,CUST002,West,PROD008,340.95,0.15,0.1,5,Technology
ORD045,2024-02-29,CUST010,West,PROD009,351.59,104.13,0.1,1,Furniture
ORD046,2024-03-01,CUST008,South,PROD006,345,107.2,0.15,2,Office Supplies
ORD047,2024-03-02,CUST009,North,PROD004,209.85,15.61,0.2,3,Technology
ORD048,2024-03-03,CUST001,East,PROD003,362.58,70.37,0.15,2,Furniture
ORD049,2024-03-04,CUST005,West,PROD001,299.68,-5.8,0.2,2,Technology
ORD050,2024-03-05,CUST005,West,PROD006,419.53,-23.25,0.15,2,Office Supplies
ORD051,2024-03-06,CUST005,West,PROD007,515.71,51.93,0.1,4,Technology
ORD052,2024-03-07,CUST002,West,PROD006,473.82,46.6,0.15,10,Office Supplies
ORD053,2024-03-08,CUST010,West,PROD007,156.79,76.73,0.1,4,Technology
ORD054,2024-03-09,CUST002,West,PROD002,754.75,-19.66,0.1,2,Furniture
ORD055,2024-03-10,CUST005,West,PROD001,157.3,77.71,0.05,5,Technology
ORD056,2024-03-11,CUST003,South,PROD001,156.84,40.58,0.2,10,Technology
ORD057,2024-03-12,CUST007,East,PROD009,10,51.57,0.1,2,Furniture
ORD058,2024-03-13,CUST007,East,PROD005,157.22,7.79,0.05,1,Technology
ORD059,2024-03-14,CUST005,West,PROD001,118.73,64.82,0.2,1,Technology
ORD060,2024-03-15,CUST004,North,PROD008,368.11,110.88,0.15,1,Technology
ORD061,2024-03-16,CUST003,South,PROD001,270.82,95.09,0.1,10,Technology
ORD062,2024-03-17,CUST002,West,PROD003,73.88,140.97,0.15,1,Furniture
ORD063,2024-03-18,CUST010,West,PROD010,683.45,65.73,0.05,10,Office Supplies
ORD064,2024-03-19,CUST009,North,PROD005,629.89,-19.99,0.1,4,Technology
ORD065,2024-03-20,CUST001,East,PROD007,605.28,47.06,0.05,2,Technology
ORD066,2024-03-21,CUST001,East,PROD001,253.66,107.51,0.2,2,Technology
ORD067,2024-03-22,CUST007,East,PROD004,10,46.72,0.2,2,Technology
ORD068,2024-03-23,CUST007,East,PROD009,656.45,86.51,0.1,2,Furniture
ORD069,2024-03-24,CUST010,West,PROD001,215.58,77.12,0.15,3,Technology
ORD070,2024-03-25,CUST005,West,PROD005,357.48,58.85,0.2,2,Technology
ORD071,2024-03-26,CUST006,North,PROD007,10,47.87,0.1,10,Technology
ORD072,2024-03-27,CUST009,North,PROD007,16.96,28.15,0.1,2,Technology
ORD073,2024-03-28,CUST006,North,PROD010,314.27,113.56,0.1,2,Office Supplies
ORD074,2024-03-29,CUST003,South,PROD003,585.32,112.43,0.1,4,Furniture
ORD075,2024-03-30,CUST010,West,PROD008,10,43.03,0.1,2,Technology
ORD076,2024-03-31,CUST001,East,PROD005,41.56,153.18,0.2,1,Technology
ORD077,2024-04-01,CUST008,South,PROD002,575.21,46.69,0.2,2,Furniture
ORD078,2024-04-02,CUST002,West,PROD001,351.35,125.19,0.05,5,Technology
ORD079,2024-04-03,CUST005,West,PROD006,481.92,105.58,0.2,1,Office Supplies
ORD080,2024-04-04,CUST002,West,PROD008,323.14,140.09,0.05,1,Technology
ORD081,2024-04-05,CUST005,West,PROD009,427.23,131.55,0.2,2,Furniture
ORD082,2024-04-06,CUST006,North,PROD002,68.44,-27.69,0.05,1,Furniture
ORD083,2024-04-07,CUST006,North,PROD001,10,65,0.1,1,Technology
ORD084,2024-04-08,CUST003,South,PROD009,372.53,23.68,0.1,1,Furniture
ORD085,2024-04-09,CUST002,West,PROD010,49.4,6.78,0.2,2,Office Supplies
ORD086,2024-04-10,CUST010,West,PROD009,324.64,159.82,0.1,2,Furniture
ORD087,2024-04-11,CUST003,South,PROD004,451.43,31.14,0.05,2,Technology
ORD088,2024-04-12,CUST008,South,PROD003,904.69,119.92,0.2,2,Furniture
ORD089,2024-04-13,CUST004,North,PROD010,315.78,27.35,0.05,2,Office Supplies
ORD090,2024-04-14,CUST003,South,PROD010,482.32,156.82,0.15,1,Office Supplies
ORD091,2024-04-15,CUST001,East,PROD005,172.94,44.84,0.25,1,Technology
ORD092,2024-04-16,CUST003,South,PROD008,457.07,74.39,0.15,1,Technology
ORD093,2024-04-17,CUST006,North,PROD003,10,189.88,0.1,1,Furniture
ORD094,2024-04-18,CUST010,West,PROD006,342.95,147.46,0.1,1,Office Supplies
ORD095,2024-04-19,CUST006,North,PROD005,172.71,69.81,0.2,4,Technology
ORD096,2024-04-20,CUST002,West,PROD004,404.55,134.96,0.05,2,Technology
ORD097,2024-04-21,CUST008,South,PROD009,396.36,141.44,0.1,3,Furniture
ORD098,2024-04-22,CUST008,South,PROD009,188.03,35.79,0.2,3,Furniture
ORD099,2024-04-23,CUST010,West,PROD004,202.34,156.71,0.1,10,Technology
ORD100,2024-04-24,CUST006,North,PROD001,364.74,57.36,0.1,2,Technology
ORD101,2024-04-25,CUST003,South,PROD006,128.96,48.89,0.1,3,Office Supplies
ORD102,2024-04-26,CUST004,North,PROD007,86.46,29.42,0.1,1,Technology
ORD103,2024-04-27,CUST006,North,PROD002,317.68,23.33,0.1,10,Furniture
ORD104,2024-04-28,CUST003,South,PROD003,69.51,35.81,0.2,2,Furniture
ORD105,2024-04-29,CUST002,West,PROD009,322.06,101.51,0.1,2,Furniture
ORD106,2024-04-30,CUST008,South,PROD010,235.99,45.62,0.05,4,Office Supplies
ORD107,2024-05-01,CUST006,North,PROD007,269.6,47.65,0.1,2,Technology
ORD108,2024-05-02,CUST009,North,PROD003,47.5,7.08,0.25,2,Furniture
ORD109,2024-05-03,CUST003,South,PROD006,458.44,60.25,0.15,3,Office Supplies
ORD110,2024-05-04,CUST006,North,PROD006,92.57,15.36,0.15,2,Office Supplies
ORD111,2024-05-05,CUST001,East,PROD008,346.67,152.55,0.15,2,Technology
ORD112,2024-05-06,CUST008,South,PROD007,313.09,112.06,0.1,10,Technology
ORD113,2024-05-07,CUST007,East,PROD008,442.2,14.84,0.05,1,Technology
ORD114,2024-05-08,CUST008,South,PROD006,328.7,113.31,0.05,2,Office Supplies
ORD115,2024-05-09,CUST008,South,PROD008,10,25.52,0.1,1,Technology
ORD116,2024-05-10,CUST003,South,PROD004,198.04,116.62,0.1,1,Technology
ORD117,2024-05-11,CUST010,West,PROD008,747.65,-62.49,0.15,1,Technology
ORD118,2024-05-12,CUST009,North,PROD008,421.74,11.52,0.1,5,Technology
ORD119,2024-05-13,CUST005,West,PROD006,151.55,67.44,0.1,10,Office Supplies
ORD120,2024-05-14,CUST006,North,PROD005,440.22,5.32,0.15,1,Technology
ORD121,2024-05-15,CUST010,West,PROD002,337.24,32.3,0.1,2,Furniture
ORD122,2024-05-16,CUST003,South,PROD006,319.3,75.97,0.15,2,Office Supplies
